{
    "status": 200,
    "pagination":{
        "current": 1,
        "size": 10,
        "total": 30
    },
    "table": [
        {
            "rwmc":"ll3000",
            "yhlx":"全数据优化1",
            "clgs":"省策略",
            "cllx":"全部",
            "bzhclj":"容量策略短信容量策略短信",
            "sf":"北京",
            "hjmc":"why_test v1.0",
            "yhmb":"查全率：100%",
            "rwzt":"省策略",
            "zxsj":"省策略",
            "hs":"省策略",
            "yh":"省策略",
            "ywlx":"省策略"
        },
        {
            "rwmc":"ll3001",
            "yhlx":"全数据优化2",
            "clgs":"省策略",
            "cllx":"全部",
            "bzhclj":"容量策略短信容量策略短信",
            "sf":"北京",
            "hjmc":"why_test v1.0",
            "yhmb":"查全率：100%",
            "rwzt":"省策略",
            "zxsj":"省策略",
            "hs":"省策略",
            "yh":"省策略",
            "ywlx":"省策略"
        },
        {
            "rwmc":"ll3002",
            "yhlx":"全数据优化3",
            "clgs":"省策略",
            "cllx":"全部",
            "bzhclj":"容量策略短信容量策略短信",
            "sf":"北京",
            "hjmc":"why_test v1.0",
            "yhmb":"查全率：100%",
            "rwzt":"省策略",
            "zxsj":"省策略",
            "hs":"省策略",
            "yh":"省策略",
            "ywlx":"省策略"
        },
        {
            "rwmc":"ll3003",
            "yhlx":"全数据优化4",
            "clgs":"省策略",
            "cllx":"全部",
            "bzhclj":"容量策略短信容量策略短信",
            "sf":"北京",
            "hjmc":"why_test v1.0",
            "yhmb":"查全率：100%",
            "rwzt":"省策略",
            "zxsj":"省策略",
            "hs":"省策略",
            "yh":"省策略",
            "ywlx":"省策略"
        },
        {
            "rwmc":"ll3004",
            "yhlx":"全数据优化5",
            "clgs":"省策略",
            "cllx":"全部",
            "bzhclj":"容量策略短信容量策略短信",
            "sf":"北京",
            "hjmc":"why_test v1.0",
            "yhmb":"查全率：100%",
            "rwzt":"省策略",
            "zxsj":"省策略",
            "hs":"省策略",
            "yh":"省策略",
            "ywlx":"省策略"
        }
    ],
    "msg": ""
}
