<?xml version="1.0" encoding="UTF-8" ?>
<etlProcess>
<process>
   <processName>qmSchemaTask</processName>
   <processNode>
      <node>
         <nodeType>38</nodeType>
         <nodeValue>com.neusoft.cpap.qm.etl.handler.TaskScheduleHandle</nodeValue>
      </node>
      <node>
         <nodeType>39</nodeType>
         <nodeValue>com.neusoft.cpap.qm.etl.handler.TaskResultHandle</nodeValue>
      </node>
      <node>
         <nodeType>39</nodeType>
         <nodeValue>com.neusoft.cpap.qm.etl.handler.TaskDetaileHandle</nodeValue>
      </node>
   </processNode>
</process>

</etlProcess>