{
	"title":"服务支持",
	"info":"风驰软件从2013年到2014年营收达到百倍增长，2015年同比增长78%，公司的客服部不允许有投诉，我们把客户当做衣食父母来服务，我们坚信客户只能信任你一次，所以我们只给自己一次机会。对待客户时，我们坚持全心全意做好每一个项目，不在乎价格低，哪怕不挣钱，也要把客户服务好，让客户满意。",
	"content":[
		{
			"title":"技术服务",
			"content":[
				"服务内容详细描述"
			]
		},
		{
			"title":"培训",
			"content":[
				"1、培训分现场安装培训和课堂理论培训。 ",
				"2、现场安装培训 ",
				"风驰软件的客服人员在项目的实施过程中对买方参加维护的人员进行现场技术培训。通过此项培训，可以达到以下目的：",
				"（1）掌握安装过程中的各个环节； ",
				"（2）掌握基本故障的处理； ",
				"（3）掌握终端基本功能的基本操作。 ",
				"3、课堂理论培训 ",
				"（1）分初级培训和高级培训； ",
				"（2）提供不限名额的初级培训，并到用户指定地点进行培训；",
				"（3）提供多个高级培训名额，在风驰总部进行培训。"
			]
		},
		{
			"title":"设备维护(及现场支持)",
			"content":[
				"维护工作包括保修服务、服务合同实施、一次性服务实施、客户培训、二级技术支持服务、电话交换机维修服务、产品零售业务。在保修期内免收人工费和差旅费，当客户系统设备及线路出现问题时，工程师在用户授权前提下对客户设备线路进行无责任操作。"
			]
		},
		{
			"title":"设备维护(及现场支持)",
			"content":[
				"1、故障出现后，本公司客服人员初步判断故障原因并进行处理，若未及时查找到原因，客服人员第一时间通知部门经理，如部门经理也无法立即解决，马上通知研发人员进行故障原因排查；  ",
				"2、故障原因找到后，即刻通知客户，告知故障原因及需要处理的时间； ",
				"3、 故障完全清除后，应以电话、传真、信函、邮件等任何一种方式通知客户，讲明故障原因及最终处理结果。每个月要进行汇总上报，总结出现故障的原因，避免再次出现类似故障； ",
				"4、工作维护单和客户满意度调查表。"
			]
		},
		{
			"title":"备件支持服务",
			"content":[
				"风驰软件在办事处建立备品备件中心，提供产品备件支持服务。备品备件原则按照在办事处常备库存50套设备作为应急供货,另在办事处提供5%(当地在网量)备品备件作维修、维护更换等。"
			]
		},
		{
			"title":"针对买方的客户的需求的<br>技术二次开发",
			"content":[
				"风驰软件针对企业客户的个性化需求进行应用调研、需求分析及提供解决方案并进行产品二次开发，提供满足客户需求的系统产品。"
			]
		},
		{
			"title":"服务保障",
			"content":[
				"1、风驰软件提供“7*24”服务（含国家法定假日），提供24小时电话热线（包括假期），在收到买方通知后2小时内提出解决问题的方案，如果需要到现场进行施工，2-6小时内，服务提供商技术人员携带必备工具到现场。如有因维修不到位而给买方造成的损失，由我公司负责赔偿； ",
				"2、保修期满后，如果出现特殊和紧急情况且在买方要求下，我司承诺将派遣其专家以合理价格到现场对合同设备进行检查和维修。"
			]
		},
		{
			"title":"设备代维服务",
			"content":[
				"保修期以后的设备巡检、故障维护、设备迁移、设备扩容。"
			]
		}
	]
}