<?xml version="1.0" encoding="UTF-8"?>
<!DOCTYPE mapper PUBLIC "-//mybatis.org//DTD Mapper 3.0//EN" "http://mybatis.org/dtd/mybatis-3-mapper.dtd">
<mapper namespace="com.neusoft.cpap.conductor.dao.EtlConfigDao">
	<select id="selectProcessId" resultType="Long" >
	    select ETL_PROCESS_ID_DEQ.NEXTVAL from dual 
	</select>
	<select id="selectProcessNameIfExists" resultType="Integer">
	select count(*) from etl_process
	where is_active!=-1 and process_code=#{process_code}
	</select>
	<select id="selectMaxNodeValueIdByProcessCode" parameterType="Map" resultType="Map" >
		select max(t.node_value_id) as node_value_id, max(t.node_id) as node_id
  from (select a.id as node_value_id,
               (select id
                  from etl_process_node
                 where process_id = c.id
                   and node_code = #{node_code}) as node_id
          from etl_node_value a
          join etl_process c
            on c.id = substr(a.id, 1, 10)
           and c.process_code = #{process_code}) t
	</select>
	<select id="selectMaxNodeValueIdByProcessId" resultType="Long" >
	    select max(id) from etl_node_value where id like '${id}%'
	</select>
	<select id="selectEtlProcess" resultType="com.neusoft.cpap.conductor.model.EtlProcess" parameterType="Map">
	    SELECT * FROM etl_process 
	    	where 1 = 1
	    	<if test="id != null" >
	    		and id = #{id} 
	    	</if>
	    	<if test="process_code != null" >
	    		and process_code = #{process_code} 
	    	</if>
	    	<if test="userId != null" >
	    		and user_id = #{userId} 
	    	</if>
	    	<if test="is_active != null">
	    		and is_active != #{is_active} 
	    	</if>
	</select>
	<select id="selectEtlProcessNodeByProcessId" resultType="com.neusoft.cpap.conductor.model.EtlProcessNode">
	    select * from etl_process_node s 
		where s.is_active!=-1 
		<if test="id != null">
	    	and s.process_id = #{id} 
	    </if>
	</select>
	
	<select id="selectEtlNodeValueByNodeId" resultType="com.neusoft.cpap.conductor.model.EtlNodeValue">
	    select * from etl_node_value s 
		where s.is_active!=-1 
		<if test="id != null">
	    	and s.node_id = #{id} 
	    </if>
	</select>
	
	<select id="selectEtlNodeValue" resultType="com.neusoft.cpap.conductor.model.EtlNodeValue">
	    select * from etl_node_value s 
		where s.is_active!=-1 
		<if test="node_id != null">
	    	and s.node_id = #{node_id} 
	    </if>
	    <if test="key != null">
	    	and s.key_ = #{key} 
	    </if>
	</select>

	<select id="selectEtlTimerJobByProcessId" resultType="com.neusoft.cpap.conductor.model.EtlTimerJob">
	    select * from etl_timer_job s 
		where s.is_active!=-1 
		<if test="id != null">
	    	and s.process_id = #{id} 
	    </if>
	</select>
	<select id="selectEtlTimerJobByDependId" resultType="com.neusoft.cpap.conductor.model.EtlTimerJob">
		select * from etl_timer_job t
		where t.depend_timer_job like'%${id}%'
		or t.exclusion_process like '%${id}%'
	</select>
	<select id="selectEtlDependByProcessId" resultType="Map">
		select b.id, c.process_code
		  from (SELECT REGEXP_SUBSTR(depend_timer_job, '[^,]+', 1, LEVEL, 'i') AS depend_timer_job
		          FROM (select *
		                  from etl_timer_job
		                 where process_id = #{id})
		        <![CDATA[CONNECT BY LEVEL <=
		                   LENGTH(depend_timer_job) -
		                   LENGTH(REGEXP_REPLACE(depend_timer_job, ',', '')) + 1]]>) a
		  join etl_timer_job b
		    on b.id = a.depend_timer_job
		  join etl_process c
		    on c.id = b.process_id
	</select>
	<select id="selectEtlExclusionByProcessId" resultType="Map">
		select b.id, c.process_code
		  from (SELECT REGEXP_SUBSTR(exclusion_process, '[^,]+', 1, LEVEL, 'i') AS exclusion_process
		          FROM (select *
		                  from etl_timer_job
		                 where process_id = #{id})
		        <![CDATA[CONNECT BY LEVEL <=
		                   LENGTH(exclusion_process) -
		                   LENGTH(REGEXP_REPLACE(exclusion_process, ',', '')) + 1]]>) a
		  join etl_timer_job b
		    on b.id = a.exclusion_process
		  join etl_process c
		    on c.id = b.process_id
	</select>
	<select id="selectAllEtlByUserId" resultType="Map">
		select b.id as value, a.process_code as label,a.slice_type as sliceType
		  from etl_process a
		  join etl_timer_job b
		    on a.id = b.process_id
		 where 1=1
		 <if test="userId != null and userId!=''">
	    		and a.user_id = #{userId} 
	    	</if>
		 
	</select>
	<select id="selectAllEtlProcessGroup" resultType="Map">
		select a.code as value, a.name as label
		  from etl_process_group a
		 where 1=1
		 and a.status=1 and a.type=1
		 
	</select>
	<select id="selectSecondaryEtlProcessGroup" resultType="Map">
		select a.code as value, a.name as label
		  from etl_process_group a
		  join etl_process_group b
		    on b.type = 1
		   and b.status = 1
		   and b.id = a.pid
		   <if test="primaryCode != null and primaryCode!=''">
	    		and b.code = #{primaryCode} 
	    	</if>
		 where 1 = 1
		   and a.status = 1
		   and a.type = 2
	</select>
	<select id="selectPrimaryGroupExistsByCode" resultType="com.neusoft.cpap.conductor.model.EtlProcessGroup">
		select *
		  from etl_process_group a
		 where 1=1
		 <if test="primaryCode != null and primaryCode!=''">
	    		and a.code = #{primaryCode} 
	    	</if>
		 and a.status=1 and a.type=1
	</select>
	<select id="selectSecondaryGroupExistsByCode" resultType="com.neusoft.cpap.conductor.model.EtlProcessGroup">
		select *
		  from etl_process_group a
		 where 1=1
		 <if test="secondaryCode != null and secondaryCode!=''">
	    		and a.code = #{secondaryCode} 
	    	</if>
		 and a.status=1 and a.type=2
	</select>
	<select id="selectProcessGroupById" resultType="com.neusoft.cpap.conductor.model.EtlProcessGroup">
		select *
		  from etl_process_group a
		 where 1=1
		 <if test="id != null and id!=''">
	    		and a.id = #{id} 
	    	</if>
		 and a.status=1
	</select>
	<select id="selectEtlProcessListVo" resultType="com.neusoft.cpap.conductor.entity.vo.EtlProcessListVo" parameterType="Map">
		select a.process_id,
			a.process_code,
			a.is_single_immed,
			(case when a.is_single_immed='1' then null else a.slice_type end) slice_type,
			(case when a.is_single_immed='1' then null else a.slice_type_name end) slice_type_name,
			a.is_active,
			a.run_status,
			(case when a.is_single_immed='1' then null else a.run_slice_time end) run_slice_time,
			a.primary_group,
			a.secondary_group
		from(
	    SELECT t.process_id,
           p.process_code,
           t.IS_SINGLE_IMMED,
           t.slice_type,
           (case t.slice_type when 'H' then '小时' when 'D' then '天' when 'W' then '周' when 'M' then '月'
             when 'Y' then '年'  when 'F' then '30分钟' when 'Q' then '15分钟' end)as slice_type_name,
           (case t.is_active when '1' then '启用' when '0' then '停用' end) as is_active,
           (case t.run_lock when 0 then '未执行' when 1 then '执行中' end) as run_status,
           t.run_slice_time,
           g2.name as primary_group,
                g.name as secondary_group
      FROM etl_timer_job t
     inner join etl_process p
        on t.process_id = p.id
        <if test="userId != null and userId!=''" >
          and p.user_id = #{userId}
        </if>
     left join etl_process_group_map m on m.process_id=p.id and m.status=1
         left join etl_process_group g on g.id=m.group_id and g.status=1
         left join etl_process_group g2 on g2.id=g.pid and g.status=1
     where p.is_active!=-1
	    	<if test="processCode != null and processCode!=''" >
	    		and p.process_code like '%${processCode}%'
	    	</if> 
	    	<if test="isActive != null and isActive!=''">
	    		and t.is_active = #{isActive} 
	    	</if>
	    	<if test="runStatus != null and runStatus!=''">
	    		and t.run_lock = #{runStatus} 
	    	</if>
	    	<if test="sliceType != null and sliceType!=''">
	    		and t.slice_type = #{sliceType} 
	    	</if>
	    	<if test="primaryGroup != null and primaryGroup!=''">
	    		and g2.name like '%${primaryGroup}%' 
	    	</if>
	    	<if test="secondaryGroup != null and secondaryGroup!=''">
	    		and g.name like '%${secondaryGroup}%' 
	    	</if>
	    	<if test="manager != null and manager=='pm_admin'">
	    		and g2.code !='tenant'
	    	</if>
	    	<if test="manager != null and manager=='tm_admin'">
	    		and g2.code ='tenant'
	    	</if>
	    	order by t.process_id desc) a
	</select>
	<select id="selectEtlProcessExecList" resultType="com.neusoft.cpap.conductor.entity.vo.EtlProcessExecVo" parameterType="Map">
		    select t4.process_name,
	       t4.date_slice_time as data_slice_time,
	       t4.process_instance,
	       to_char(t4.start_time, 'yyyy-mm-dd hh24:mi:ss') as start_time,
	       to_char(t4.end_time, 'yyyy-mm-dd hh24:mi:ss') as end_time,
	       t4.cost_time,
	       (case t4.run_status when 0 then '执行中' when 1 then '成功' when 2 then '失败' end) as run_status
	  from (select substr(t3.process_name, 1, instr(t3.process_name, '-',-1,1) - 1) process_name,
	               t3.date_slice_time,
	               t3.process_instance,
	               min(t3.start_time) as start_time,
	               max(t3.end_time) as end_time,
	               round(((max(t3.end_time) - min(t3.start_time)) * 24 * 60 * 60),
	                     2) as cost_time,
	               max(case
	                     when t3.r2 = 1 then
	                      t3.run_status
	                     else
	                      null
	                   end) as run_status
	          from (select t2.*,
	                       row_number() over(partition by t2.process_instance, substr(t2.process_name, 1, instr(t2.process_name, '-',-1,1) - 1), t2.date_slice_time order by t2.start_time desc) r2
	                  from (select t.*,
	                               row_number() over(partition by t.process_instance, t.process_name, t.date_slice_time order by t.start_time desc) r1
	                          from l_etl_operation_detail t
	                         where substr(t.process_name, 1, instr(t.process_name, '-',-1,1) - 1) = #{processCode}
	                           <if test="dataSliceTime != null and dataSliceTime !=''" >
	                           and t.date_slice_time = #{dataSliceTime}
	                           </if>
	                           ) t2
	                 where t2.r1 = 1) t3
	         group by substr(t3.process_name, 1, instr(t3.process_name, '-',-1,1) - 1),
	                  t3.date_slice_time,
	                  t3.process_instance
	         order by start_time desc) t4
	 where 1 = 1
	   <if test="runStatus != null and runStatus !=''" >
	   and t4.run_status = #{runStatus}
	   </if>
	   <if test="startTimeMin != null and startTimeMin !=''" >
	   and t4.start_time &gt;= to_date(#{startTimeMin}, 'yyyy-mm-dd hh24:mi:ss')
	   </if>
	   <if test="startTimeMax != null and startTimeMax !=''" >
	   and t4.start_time &lt;= to_date(#{startTimeMax}, 'yyyy-mm-dd hh24:mi:ss')
	   </if>
	   <if test="endTimeMin != null and endTimeMin !=''" >
	   and t4.end_time &gt;= to_date(#{endTimeMin}, 'yyyy-mm-dd hh24:mi:ss')
	   </if>
	   <if test="endTimeMax != null and endTimeMax !=''" >
	   and t4.end_time &lt;= to_date(#{endTimeMax}, 'yyyy-mm-dd hh24:mi:ss')
	   </if>
	</select>
	<select id="selectEtlProcessNodeExecList" resultType="com.neusoft.cpap.conductor.entity.EtlProcessNodeExecPo" parameterType="Map">
		select t4.node_code,
	       n.node_name,
	       o.option_desc node_type,
	       to_char(t4.start_time, 'yyyy-mm-dd hh24:mi:ss') as start_time,
	       to_char(t4.end_time, 'yyyy-mm-dd hh24:mi:ss') as end_time,
	       t4.cost_time,
	       (case t4.run_status when 0 then '执行中' when 1 then '成功' when 2 then '失败' end) as run_status,
	       t4.opt_log,
	       t4.oid
	  from (select substr(t3.process_name, 1, instr(t3.process_name, '-',-1,1) - 1) process_name,
	               substr(t3.process_name, instr(t3.process_name, '-',-1,1) + 1) node_code,
	               min(t3.start_time) as start_time,
	               max(t3.end_time) as end_time,
	               round(((max(t3.end_time) - min(t3.start_time)) * 24 * 60 * 60),
	                     2) as cost_time,
	               max(t3.run_status) as run_status,
	               max(t3.opt_log) as opt_log,
	               max(oid) as oid
	          from (select t2.*
	                  from (select t.*,
	                               row_number() over(partition by t.process_instance, t.process_name, t.date_slice_time order by t.start_time desc) r1
	                          from l_etl_operation_detail t
	                         where substr(t.process_name, 1, instr(t.process_name, '-',-1,1) - 1) = #{processCode}
	                           and t.date_slice_time = #{dataSliceTime}
	                           and t.process_instance = #{processInstance}) t2
	                 where t2.r1 = 1) t3
	         group by substr(t3.process_name, 1, instr(t3.process_name, '-',-1,1) - 1),
	                  substr(t3.process_name, instr(t3.process_name, '-',-1,1) + 1)
	         order by node_code) t4
	  join etl_process p
	    on p.process_code = t4.process_name
	  join etl_process_node n
	    on n.process_id = p.id
	   and n.is_active = 1
	   and n.node_code = t4.node_code
	  left join etl_option_value o
      on o.option_value= n.node_type
      and o.option_code='1001'
	 where 1 = 1
	</select>
	
	<select id="selectClientLog" resultType="String">
	    select log from l_etl_operation_detail_log 
		where 1=1
		<if test="oid != null">
	    	and oid = #{oid} 
	    </if>
	</select>
	
	<select id="selectUserConfigByUser" resultType="com.neusoft.cpap.conductor.model.EtlUserConfig">
	select id,user_,key_,value_,0 as inputShow,key_ as keyInput,value_ as valueInput,0 as action
	 from etl_user_config where user_=#{user}
	</select>
	<select id="selectGroupIdByCode" parameterType="Map" resultType="Long">
	select id from etl_process_group
	where status=1
	<if test="code != null">
	    	and code = #{code} 
	    </if>
	    <if test="type != null">
	    	and type = #{type} 
	    </if>
	</select>
	<select id="selectGroupCodeById" resultType="String">
	select code from etl_process_group
	where status=1
	<if test="id != null">
	    	and id = #{id} 
	    </if>
	</select>
	<select id="selectParentCodeById" resultType="String">
	select b.code from etl_process_group a
		join etl_process_group b on a.pid=b.id and b.status=1
	where a.status=1
	<if test="id != null">
	    	and a.id = #{id} 
	    </if>
	</select>
	
	<select id="selectGroupMapByProcessId" resultType="com.neusoft.cpap.conductor.model.EtlProcessGroupMap">
	    select * from etl_process_group_map m 
		where m.status=1
		<if test="id != null">
	    	and m.process_id = #{id} 
	    </if>
	</select>
	
	<select id="selectUsers" resultType="Map">
		select user_login as value, user_name as label
		  from cpap_users
		 where 1 = 1
		   and status = 1
	</select>
	
	<select id="selectEtlOptionValue" resultType="com.neusoft.cpap.conductor.model.EtlOptionValue" parameterType="com.neusoft.cpap.conductor.model.EtlOptionValue">
	    SELECT * FROM ETL_OPTION_VALUE 
	    	where 1 = 1
	    	<if test="etlOptionValue.optionCode != null" >
	    		and option_code = #{etlOptionValue.optionCode} 
	    	</if>
	    	<if test="etlOptionValue.optionName != null" >
	    		and option_name = #{etlOptionValue.optionName} 
	    	</if>
	    	<if test="etlOptionValue.optionValue != null" >
	    		and option_value = #{etlOptionValue.optionValue} 
	    	</if>
	    	<if test="etlOptionValue.optionDesc != null" >
	    		and option_desc = #{etlOptionValue.optionDesc} 
	    	</if>
	    	<if test="etlOptionValue.optionStatus != null" >
	    		and option_status = #{etlOptionValue.optionStatus} 
	    	</if>
	</select>
	<select id="selectEtlSession" resultType="com.neusoft.cpap.conductor.model.EtlSession">
	    select * from etl_session s 
		where 1=1
		<if test="token != null">
	    	and s.token = #{token} 
	    </if>
	</select>
</mapper>	
	