<?xml version="1.0" encoding="UTF-8"?>
<!DOCTYPE mapper PUBLIC "-//mybatis.org//DTD Mapper 3.0//EN" "http://mybatis.org/dtd/mybatis-3-mapper.dtd">
<mapper namespace="com.neusoft.cpap.qm.dao.QmBusinessDao">
	<select id="queryGroupList" resultType="Map" parameterType="Map">
		select group_id,group_name,parent_group_id,level
		from QM_GROUP_TAB
		START WITH parent_group_id='root'
		connect by prior group_id=parent_group_id
		order by level,group_id
	</select>
	
	<insert id="addGroupList" parameterType="com.neusoft.cpap.qm.vo.GroupVo">
		insert into QM_GROUP_TAB(GROUP_ID,GROUP_NAME,PARENT_GROUP_ID)
		values (#{group_id},#{group_name},#{parent_group_id})
	</insert>
	
	<select id="chechHasSchemaByGroup" parameterType="String" resultType="Integer">
		select count(schema_id) cnt
		from QM_SCHEME_BASIC_TAB
		where group_id = #{group_id}
	</select>
	
	<delete id="delGroupList" parameterType="String">
		delete from QM_GROUP_TAB
		where GROUP_ID = #{id}
	</delete>
	
	<select id="querySchemaListList" resultType="com.neusoft.cpap.qm.vo.SchemaBasicVo" parameterType="Map">
		select A.schema_id id,A.name,A.desc_info descInfo,source_id dataSource,C.name dataSourceName,status,unit,group_id groupId,search_condition,stat_dimention statistical,statisticalName,timesamp
		from QM_SCHEME_BASIC_TAB A
		left join (select SCHEMA_ID,TASK_ID,STATUS,CREATE_TIME,FINISH_TIME,CORRECT_MSG_CNT,ERROR_MSG_CNT,rn from(
			select SCHEMA_ID,SLICE_TIME TASK_ID,STATUS,CREATE_TIME,FINISH_TIME,CORRECT_MSG_CNT,ERROR_MSG_CNT,
				row_number() over(partition by SCHEMA_ID order by CREATE_TIME desc ) rn
			from (select M.SCHEMA_ID,M.SLICE_TIME,STATUS,CREATE_TIME,FINISH_TIME,CORRECT_MSG_CNT,ERROR_MSG_CNT
				  from QM_SCHEME_TASK_TAB M,QM_RESULT_TAB N))
			where  rn=1
		) B
		on A.schema_id = B.schema_id
		left join QM_SOURCE_TAB C on A.source_id = C.id
		<where>
			<if test="groupId != null and groupId !='' and groupId !='root'">
				and group_id = #{groupId}
			</if>
			<if test="name != null and name !=''">
				and A.name like '%'||#{name}||'%'
			</if>
			<if test="id != null and id !=''">
				and A.schema_id = #{id}
			</if>
		</where>
	</select>
	
	<select id="querySchemaFieldRule" resultType="com.neusoft.cpap.qm.vo.FieldRuleVo" parameterType="String">
		select schema_id,field_code field,field_name fieldName,rule_link_id id,rule_link_name ruleName,basic_info boundRules
		from QM_FIELD_RULE_TAB
		where schema_id = #{schema_id}
	</select>
	
	<select id="querySchemaMultiFieldRule" resultType="com.neusoft.cpap.qm.vo.FieldRuleVo" parameterType="String">
		select schema_id,rule_link_id,rule_link_id id,NAME ruleName,field,fieldName,field fields,fieldName fieldsName
		from QM_MULTI_FIELD_RULE_TAB A,QM_BASIC_RULE_FILED_TAB B
		where A.rule_link_id = B.code and schema_id = #{schema_id}
	</select>
	
	<insert id="addSchemaListList" parameterType="com.neusoft.cpap.qm.vo.SchemaBasicVo">
		insert into QM_SCHEME_BASIC_TAB(SCHEMA_ID,NAME,DESC_INFO,SOURCE_ID,ERROR_KEY_FIELDS,GROUP_ID,SEARCH_CONDITION,STAT_DIMENTION,TIMESAMP,STATISTICALNAME)
		values(#{id},#{name},#{descInfo},#{dataSource},#{error_key_field},#{groupId},#{search_condition},#{stat_dimention},sysdate,#{statisticalName})
	</insert>
	
	<insert id="addSchemaFieldRule" parameterType="com.neusoft.cpap.qm.vo.FieldRuleVo">
		insert into QM_FIELD_RULE_TAB(schema_id,field_code,field_name,rule_link_id,rule_link_name,rule_type,basic_info)
		values(#{schema_id},#{field},#{fieldName},#{id},#{ruleName},#{ruleType},#{boundRules})
	</insert>
	
	<insert id="addSchemaMultiFieldRule" parameterType="com.neusoft.cpap.qm.vo.FieldRuleVo">
		insert into QM_MULTI_FIELD_RULE_TAB(SCHEMA_ID,RULE_LINK_ID,FIELD,FIELDNAME)
		values(#{schema_id},#{id},#{field},#{fieldName})
	</insert>
	
	<delete id="delSchemaListList" parameterType="String">
		delete from QM_SCHEME_BASIC_TAB
		where SCHEMA_ID = #{id}
	</delete>
	
	<update id="modSchemaListList" parameterType="com.neusoft.cpap.qm.vo.SchemaBasicVo">
		update QM_SCHEME_BASIC_TAB
		set NAME =#{name},
			desc_info = #{descInfo},
			source_id = #{dataSource},
			group_id = #{groupId},
			search_condition = #{search_condition},
			stat_dimention = #{stat_dimention},
			TIMESAMP = sysdate
		where SCHEMA_ID = #{id}
	</update>
	
	<delete id="delFieldRuleLinkByShcemaId" parameterType="String">
		delete from QM_FIELD_RULE_TAB
		where SCHEMA_ID = #{id}
	</delete>
	
	<delete id="delMultiFieldLinkByShcemaId" parameterType="String">
		delete from QM_MULTI_FIELD_RULE_TAB
		where SCHEMA_ID = #{id}
	</delete>
	
	<select id="querySchemaWeight" resultType="com.neusoft.cpap.qm.vo.FieldRuleVo" parameterType="Map">
		select schema_id,rule_link_id,field_code,field_name,weight,rule_link_name,rule_type
		from QM_FIELD_RULE_TAB
		where SCHEMA_ID=#{schema_id}
	</select>
	
	<select id="queryMultiFieldInfoByShcemaId" resultType="HashMap" parameterType="Map">
		select SCHEMA_ID,RULE_LINK_ID,NAME,WEIGHT,FIELD1_CONDITION,FIELD2_CONDITION
		from QM_MULTI_FIELD_RULE_TAB A,QM_BASIC_RULE_FILED_TAB B
		where A.RULE_LINK_ID = B.CODE and A.SCHEMA_ID=#{schema_id}
	</select>
	
	<update id="modSchemaWeightField" parameterType="com.neusoft.cpap.qm.vo.FieldRuleVo">
		update QM_FIELD_RULE_TAB
		set WEIGHT = #{weight}
		where SCHEMA_ID = #{schema_id} and FIELD_CODE = #{field_code} and RULE_LINK_ID = #{rule_link_id}
	</update>
	
	<update id="modSchemaWeightMultiField" parameterType="com.neusoft.cpap.qm.vo.FieldRuleVo">
		update QM_MULTI_FIELD_RULE_TAB
		set WEIGHT = #{weight}
		where SCHEMA_ID = #{schema_id} and RULE_LINK_ID = #{rule_link_id} and FIELD1_CONDITION =#{field1_condition}
			and FIELD2_CONDITION = #{field2_condition}
	</update>
	
	<select id="querySchemaTaskList" parameterType="com.neusoft.cpap.qm.vo.SchemaBasicVo" resultType="com.neusoft.cpap.qm.vo.SchemaTaskVo">
		select A.schema_id,
       task_id,
       name,
       B.status status,
       unit,
       decode(unit, 'F', '/15分钟', 'H', '/小时', 'D', '/天', 'M', '/月') unit_desc,
       create_time,
       finish_time,
       '正确数据量(行):' || correct_msg_cnt || ' 错误数据量(行):' || error_msg_cnt correct_msg_cnt,
       decode(finish_time,
              null,
              (sysdate - create_time)*24*60*60,
              (finish_time - create_time)*24*60*60) time_consume
  from QM_SCHEME_BASIC_TAB A
  left join (select SCHEMA_ID,
                    TASK_ID,
                    STATUS,
                    CREATE_TIME,
                    FINISH_TIME,
                    CORRECT_MSG_CNT,
                    ERROR_MSG_CNT,
                    rn
               from (select SCHEMA_ID,
                            SLICE_TIME TASK_ID,
                            STATUS,
                            CREATE_TIME,
                            FINISH_TIME,
                            CORRECT_MSG_CNT,
                            ERROR_MSG_CNT,
                            row_number() over(partition by SCHEMA_ID order by CREATE_TIME desc) rn
                       from (select M.SCHEMA_ID,
                                    M.SLICE_TIME,
                                    STATUS,
                                    CREATE_TIME,
                                    FINISH_TIME,
                                    SUM(CORRECT_MSG_CNT) CORRECT_MSG_CNT,
                                    SUM(ERROR_MSG_CNT) ERROR_MSG_CNT
                               from QM_SCHEME_TASK_TAB M, QM_RESULT_TAB N
                               where M.SLICE_TIME = N.SLICE_TIME
                               group by M.SCHEMA_ID,M.SLICE_TIME,STATUS,CREATE_TIME,FINISH_TIME
                               ))
              where rn = 1) B
    on A.SCHEMA_ID = B.SCHEMA_ID
    where 1=1
		<if test="group_id != null  and group_id != ''">
			and group_id = #{group_id}
		</if>
		<if test="name != null and name != ''">
			and name like '%'||#{name}||'%'
		</if>
		<if test="status != null">
			and status = #{status}
		</if>
	</select>
	
	<select id="queryAllTaskBySchemaId" parameterType="com.neusoft.cpap.qm.vo.SchemaBasicVo" resultType="com.neusoft.cpap.qm.vo.SchemaTaskVo">
	select A.schema_id,
           A.SLICE_TIME slice_time,
          create_time,
          finish_time,
         '正确数据量(行):' || sum(correct_msg_cnt) || '  错误数据量(行):' || sum(error_msg_cnt) result_info,
          trunc(sum(correct_msg_cnt)/(sum(correct_msg_cnt)+sum(error_msg_cnt))*100) ratio
    from QM_SCHEME_TASK_TAB A, QM_RESULT_TAB B
    where A.SLICE_TIME = B.SLICE_TIME
    and A.SCHEMA_ID = #{schema_id}
    group by A.schema_id, A.SLICE_TIME, create_time, finish_time
	</select>
	
	<select id="querySchemaTaskReportSummary" parameterType="Map" resultType="Map">
		SELECT a.schema_id, b.NAME schema_name, d.NAME source_name, rule_msg_cnt,
		       correct_msg_cnt + error_msg_cnt msg_total_cnt, error_msg_cnt,
		       round(((correct_msg_cnt / (correct_msg_cnt + error_msg_cnt)) * 100),2) correct_per
		  FROM QM_RESULT_TAB a,
		       qm_scheme_basic_tab b,
		       (SELECT   schema_id, slice_time, SUM (cnt) rule_msg_cnt
		            FROM QM_RESULT_DETAIL_TAB
		           WHERE RESULT = 1 AND schema_id = #{schema_id} AND slice_time = #{slice_time}
		        GROUP BY schema_id, slice_time) c,
		       qm_source_tab d
		 WHERE a.schema_id = b.schema_id
		   AND b.schema_id = c.schema_id
		   AND a.slice_time = c.slice_time
		   AND b.source_id = d.ID
		   AND rule_type = 1
		   AND a.schema_id =#{schema_id}
		   AND a.slice_time = #{slice_time}
	</select>
	
	<select id="queryRulesErrorMsgCnt" parameterType="Map" resultType="Map">
		select rule_id,name rule_name,SUM(CNT) rule_msg_cnt
		from QM_RESULT_DETAIL_TAB A,QM_BASIC_RULE_FILED_TAB B
		where rule_id =code and result = 1 and SCHEMA_ID=#{schema_id} and SLICE_TIME = #{task_id}
		group by rule_id,name
	</select>
	
	<select id="querySchemaTaskDimention" parameterType="Map" resultType="Map">
		select SOURCE_ID,STAT_DIMENTION
		from QM_SCHEME_BASIC_TAB
		where SCHEMA_ID=#{schema_id}
	</select>
	
	<select id="queryHasDataSource" parameterType="Map" resultType="Map">
		select id value,desc_info name
		from QM_SOURCE_TAB
	</select>
	
	<select id="querySchemaIdByDataSource" parameterType="Map" resultType="Map">
		select A.SCHEMA_ID SCHEMA_ID,NAME
		from QM_SCHEME_BASIC_TAB A,QM_SCHEME_TASK_TAB B
		where A.SCHEMA_ID = B.SCHEMA_ID
			and STATUS = 2
			<if test="start_time!=null">
				and CREATE_TIME &gt;= #{start_time}
			</if>
			<if test="end_time != null">
				and CREATE_TIME &lt;=  #{end_time}
			</if>
			<if test="source_id != null">
				and SOURCE_ID = #{source_id}
			</if>
	</select>
	
	<select id="queryQualitySummary" parameterType="Map" resultType="Map">
		select avg(SCORE) avg_score,sum(ERROR_MSG_CNT) sum_error_msg_cnt,sum(CORRECT_MSG_CNT) sum_correct_msg_cnt
		from QM_SCHEME_TASK_TAB
		<where>
			<if test="schemaList !=null and schemaList.size()>0">
				SCHEMA_ID in
				<foreach item="item" index="index" collection="schemaList" open="("  close=")" separator=",">  
		        	#{item}   
		        </foreach>  
			</if>
		</where>
	</select>
	
	<select id="queryTotalRulesBySchemaId" parameterType="Map" resultType="Integer">
		select count(RULE_LINK_ID) rule_cnt
		from (select SCHEMA_ID,RULE_LINK_ID from QM_FIELD_RULE_TAB union select SCHEMA_ID,RULE_LINK_ID from QM_MULTI_FIELD_RULE_TAB)
		<where>
			<if test="schemaList !=null and schemaList.size()>0">
				SCHEMA_ID in
				<foreach item="item" index="index" collection="schemaList" open="("  close=")" separator=",">  
		        	#{item}   
		        </foreach>  
			</if>
		</where>
	</select>
	
	<select id="queryScoreTrendBySchemaId" parameterType="Map" resultType="Map">
		select to_char(CREATE_TIME,'yyyy-mm-dd') day_time,avg(score) avg_score
		from QM_SCHEME_TASK_TAB
		where SCHEMA_ID =#{SCHEMA_ID}
		group by SCHEMA_ID,to_char(CREATE_TIME,'yyyy-mm-dd')
	</select>
	
	<select id="queryScoreRank"  parameterType="Map" resultType="Map">
		select A.SCHEMA_ID,count(B.RULE_LINK_ID) RULE_CNT,SCORE,lead()SCORE,1)  over(partition by SCHEMA_ID order by CREATE_TIME desc) as LAST_SCORE
		from QM_SCHEME_TASK_TAB A,(select SCHEMA_ID,RULE_LINK_ID from QM_FIELD_RULE_TAB union select SCHEMA_ID,RULE_LINK_ID from QM_MULTI_FIELD_RULE_TAB) B
		where STATUS=2 and A.SCHEMA_ID = B.SCHEMA_ID
		<if test="schemaList !=null and schemaList.size()>0">
				and A.SCHEMA_ID in
				<foreach item="item" index="index" collection="schemaList" open="("  close=")" separator=",">  
		        	#{item}   
		        </foreach>  
			</if>
	</select>
	
	<select id="queryFieldWeightBySchemaId" parameterType="Map" resultType="Map">
		select FIELD_CODE,RULE_LINK_ID,WEIGHT
		from QM_FIELD_RULE_TAB
		where SCHEMA_ID = #{SCHEMA_ID}
	</select>
	
	<select id="queryMultiFieldWeightBySchemaId" parameterType="Map" resultType="Map">
		select RULE_LINK_ID,WEIGHT
		from QM_MULTI_FIELD_RULE_TAB
		where SCHEMA_ID = #{SCHEMA_ID}
	</select>
	
	<select id="queryFieldHitCnt" parameterType="Map" resultType="Map">
		select FIELD,RULE_ID,CNT,RESULT
		from QM_RESULT_DETAIL_TAB
		where TASK_ID = #{TASK_ID} and RULE_ID not like '3%'
	</select>
	
	<select id="queryMultiFieldHitCnt" parameterType="Map" resultType="Map">
		select FIELD,RULE_ID,CNT,RESULT
		from QM_RESULT_DETAIL_TAB
		where TASK_ID = #{TASK_ID} and RULE_ID like '3%'
	</select>
	
	<select id="querySchemaBasicInfo" parameterType="Map" resultType="Map">
		select SEARCH_CONDITION,STAT_DIMENTION,SOURCE_ID,SAMPLE_RATE,SAMPLE_TIME,DELAY_TIME
		from QM_SCHEME_BASIC_TAB
		SCHEMA_ID = #{schema_id}
	</select>
	
	<select id="queryCustomRuleLink" parameterType="String" resultType="String">
		select BASIC_LINK
		from QM_CUSTOM_RULE_TAB
		where ID = #{id}
	</select>
	
	<update id="updateSchemaInfo" parameterType="Map">
		update QM_SCHEME_BASIC_TAB
		set UNIT = #{unit},
			SAMPLE_TIME = #{sample_time},
			SAMPLE_RATE = #{sample_rate}
		where SCHEMA_ID = #{schema_id}
	</update>
	
	<update id="updateTaskInfo" parameterType="Map">
		update QM_SCHEME_TASK_TAB
		set status = #status#
		where SCHEMA_ID = #{schema_id}
	</update>
	
	<select id="queryBasicRuleMap" parameterType="Map" resultType="Map">
		select CODE,FUNC_NAME,PARAM_TYPE
		from QM_BASIC_RULE_FILED_TAB
	</select>
	
	<select id="querySchemaComboxSource" parameterType="String" resultType="com.neusoft.cpap.qm.vo.ComboxVo">
		select ID value,NAME label
		from QM_SOURCE_TAB
	</select>
	
	<select id="queryBasicRules" parameterType="String" resultType="Map">
		select CODE,NAME,PARAM_NAME,PARAM_UI_TYPE
		from QM_BASIC_RULE_FILED_TAB where CODE like '20%' and CODE !='200014'
	</select>
	
	<select id="queryMultiRules" parameterType="String" resultType="com.neusoft.cpap.qm.vo.ComboxVo">
		select CODE value,NAME label
		from QM_BASIC_RULE_FILED_TAB where CODE like '30%'
	</select>
	
	<select id="queryOperators" parameterType="String" resultType="com.neusoft.cpap.qm.vo.ComboxVo">
		select OPERATOR_CODE value,OPERATOR_NAME label
		from QM_OPERATOR_TAB
	</select>

	<select id="queryBasicInfoByCode" parameterType="String" resultType="Map">
		select NAME,PARAM_NAME,PARAM_UI_TYPE
		from QM_BASIC_RULE_FILED_TAB
		where CODE = #{code}
	</select>
	
	<select id="queryDateFormat" parameterType="String" resultType="com.neusoft.cpap.qm.vo.ComboxVo">
		select CODE value,NAME label
		from QM_DATEFORMAT_TAB
	</select>

	<select id="queryScheme" parameterType="String" resultType="Map">
		select distinct c.name, 
		       c.schema_id, 
		       c.source_id, 
		       c.unit
        from QM_RESULT_TAB a, QM_SCHEME_TASK_TAB b, QM_SCHEME_BASIC_TAB c
        where a.slice_time = b.slice_time
        and b.schema_id = c.schema_id
        and b.status = 2
	</select>
	
	<select id="queryLinkRatio" parameterType="Map" resultType="com.neusoft.cpap.qm.vo.BaseTaskResult">
		select * from
			(SELECT
					 t.name,t.create_time,t.ratio,t.huanbi,
					ROW_NUMBER () OVER (
							PARTITION BY t.name
							ORDER BY t.create_time DESC
					) AS rn
			FROM
					(select  c.name,
	        b.create_time,
	        nvl(trunc(((sum(a.correct_msg_cnt)-lag(sum(a.correct_msg_cnt),1) over(PARTITION BY c.name ORDER BY b.create_time))/lag(sum(a.correct_msg_cnt),1) over(PARTITION BY c.name ORDER BY b.create_time))*100),0) ||'%' huanbi,
	        trunc((sum(a.correct_msg_cnt)/(sum(a.correct_msg_cnt)+ sum(a.error_msg_cnt)))*100) ||'%'  ratio
    	from QM_RESULT_TAB a, QM_SCHEME_TASK_TAB b,QM_SCHEME_BASIC_TAB c
   	    where a.slice_time = b.slice_time
        and b.schema_id = c.schema_id
        and b.status = 2
        group by c.name,b.create_time order by b.create_time desc) t 
	) WHERE rn = 1 
	</select>
	
	<select id="queryStatis"
		resultType="com.neusoft.cpap.qm.vo.BaseTaskResult" parameterType="Map">
		select c.name,
		 <if test="startTime != null and startTime != ''">
		to_char(b.create_time,'mm-dd') create_time,
		</if>
		<if test="startTime_m != null and startTime_m != ''">
		to_char(b.create_time,'mm') create_time,
		</if>
		<if test="startTime_h != null and startTime_h != ''">
		to_char(b.create_time,'hh24') create_time,
		</if>
		a.stat_dimention,
		c.source_id,
		concat(round(cast(nvl(cast(sum(a.correct_msg_cnt*1.0)/(sum(a.correct_msg_cnt)+sum(a.error_msg_cnt))
		as decimal(10,2)),0)*100 as int),2),'') as precent
		from QM_RESULT_TAB a, QM_SCHEME_TASK_TAB b,QM_SCHEME_BASIC_TAB c
		where a.slice_time = b.slice_time
		and b.schema_id = c.schema_id
		and c.schema_id = #{schema_id}
		 <if test="startTime != null and startTime != ''">
			and to_date(#{startTime},'yyyy-mm-dd') &lt;= b.create_time
		</if>
	    <if test="endTime != null and endTime != ''">
			and to_date(#{endTime},'yyyy-mm-dd') &gt;= b.create_time
		</if> 
		<if test="startTime_m != null and startTime_m != ''">
			and to_date(#{startTime_m},'yyyy-mm') &lt;= b.create_time
		</if>
		 <if test="endTime_m != null and endTime_m != ''">
			and to_date(#{endTime_m},'yyyy-mm') &gt;= b.create_time
		</if>
		<if test="startTime_h != null and startTime_h != ''">
			and to_date(#{startTime_h},'yyyy-mm-dd hh24:mi:ss') &lt;= b.create_time
		</if>
		 <if test="endTime_h != null and endTime_h != ''">
			and to_date(#{endTime_h},'yyyy-mm-dd hh24:mi:ss') &gt;= b.create_time
		</if>
		group by a.stat_dimention,b.create_time,c.name,c.source_id
		order by b.create_time
	</select>
	
	<select id="queryDataSourceInfoById" resultType="Map" parameterType="String">
		select CODE,TYPE,PARTITIONTIMEFORMATE,PARTITIONFIELD,TIMECOLUMN,DELAYTIME
		from QM_SOURCE_TAB A
		left join QM_SOURCE_SYS_TAB B
		on A.ID = B.ID
		where ID = #{source_id}
	</select>
	
	<select id="statSchemaTaskErrorMsgByDimention" parameterType="Map" resultType="com.neusoft.cpap.qm.vo.BaseTaskResult">
		select STAT_DIMENTION,
		       sum(CORRECT_MSG_CNT+ERROR_MSG_CNT) amount,
		       sum(CORRECT_MSG_CNT) CORRECT_MSG_CNT,
		       round((sum(CORRECT_MSG_CNT)/sum(CORRECT_MSG_CNT + ERROR_MSG_CNT)*100),2) ratio
		from QM_RESULT_TAB
		where SCHEMA_ID = #{schema_id} 
		and SLICE_TIME = #{slice_time}
		<if test="hour_dimention != null and hour_dimention != ''">
        <!-- and HOUR_DIMENTION = #{hour_dimention} -->
         and substr(HOUR_DIMENTION,greatest(-2,-length(HOUR_DIMENTION)),2) = #{hour_dimention}
        </if>
		group by STAT_DIMENTION
	</select>
	
	<select id="queryTimeDimension" parameterType="Map" resultType="com.neusoft.cpap.qm.vo.BaseTaskResult">
	    select substr(HOUR_DIMENTION,greatest(-2,-length(HOUR_DIMENTION)),2) HOUR_DIMENTION,
               sum(CORRECT_MSG_CNT + ERROR_MSG_CNT) amount,
               sum(CORRECT_MSG_CNT) CORRECT_MSG_CNT,
               round((sum(CORRECT_MSG_CNT)/sum(CORRECT_MSG_CNT + ERROR_MSG_CNT)*100),2) ratio
        from QM_RESULT_TAB
        where SCHEMA_ID = #{schema_id}
        and SLICE_TIME = #{slice_time}
        <if test="stat_dimention != null and stat_dimention != ''">
        and stat_dimention = #{stat_dimention}
        </if>
        group by HOUR_DIMENTION
        order by HOUR_DIMENTION
	</select>
	
	<!-- 字段统计 -->
	<select id="queryFieldStat" parameterType="Map" resultType="Map">
		select FIELD_NAME,
		       replace(to_char(wm_concat(distinct RULE_LINK_NAME)),',','\') RULE_NAME,
		       sum(CNT) CNT
		from QM_RESULT_DETAIL_TAB A,QM_FIELD_RULE_TAB B
		where A.SCHEMA_ID = B.SCHEMA_ID 
		and A.FIELD_CODE = B.FIELD_CODE 
		and A.SCHEMA_ID = #{schema_id} 
		and SLICE_TIME = #{slice_time} 
		and RESULT=1
		group by A.FIELD_CODE,FIELD_NAME
	</select>
	
	<!-- 字段规则统计 -->
	<select id="queryFieldAndRuleStat" parameterType="Map" resultType="Map">
		select FIELD_NAME,RULE_LINK_NAME rule_name,sum(CNT) CNT
		from QM_RESULT_DETAIL_TAB A,QM_FIELD_RULE_TAB B
		where A.SCHEMA_ID = B.SCHEMA_ID and A.FIELD_CODE = B.FIELD_CODE 
		and A.SCHEMA_ID = #{schema_id} and SLICE_TIME = #{slice_time} and RESULT=0
		group by FIELD_NAME,RULE_LINK_NAME
	</select>
	
	<!-- 维度字段统计 -->
	<select id="queryDimFieldStat" parameterType="Map" resultType="Map">
		select STAT_DIMENTION,
		FIELD_NAME,
		replace(to_char(wm_concat(RULE_LINK_NAME)),',','\') RULE_NAME,
		sum(CNT) CNT
		from QM_RESULT_DETAIL_TAB A,QM_FIELD_RULE_TAB B
		where A.SCHEMA_ID = B.SCHEMA_ID 
		and A.FIELD_CODE = B.FIELD_CODE 
		and A.SCHEMA_ID = #{schema_id} 
		and A.SLICE_TIME = #{slice_time}
		<if test="hour_dimention != null and hour_dimention != ''">
	    <!-- and A.HOUR_DIMENTION = #{hour_dimention} -->
	    and substr(HOUR_DIMENTION,greatest(-2,-length(HOUR_DIMENTION)),2) = #{hour_dimention}
	    </if>
		and A.RESULT=1
		group by A.STAT_DIMENTION,A.FIELD_CODE,FIELD_NAME
	</select>
	
	<select id="queryDimFieldAndRuleStat" parameterType="Map" resultType="Map">
		select STAT_DIMENTION,FIELD_NAME,
		RULE_LINK_NAME rule_name,
		sum(CNT) CNT
		from QM_RESULT_DETAIL_TAB A,QM_FIELD_RULE_TAB B
		where A.SCHEMA_ID = B.SCHEMA_ID 
		and A.FIELD_CODE = B.FIELD_CODE 
		and A.SCHEMA_ID = #{schema_id} 
		and A.SLICE_TIME = #{slice_time}
		<if test="hour_dimention != null and hour_dimention != ''">
	    <!-- and A.HOUR_DIMENTION = #{hour_dimention} -->
	    and substr(HOUR_DIMENTION,greatest(-2,-length(HOUR_DIMENTION)),2) = #{hour_dimention}
	    </if>
		and A.RESULT=0
		group by A.STAT_DIMENTION,FIELD_NAME,RULE_LINK_NAME
		order by A.STAT_DIMENTION
	</select>
	
	
	<!-- 选中维度 字段统计 -->
	<select id="queryHourFieldStat" parameterType="Map" resultType="Map">
		select substr(HOUR_DIMENTION,greatest(-2,-length(HOUR_DIMENTION)),2) 
		       HOUR_DIMENTION,
		       FIELD_NAME,
		       replace(to_char(wm_concat(distinct RULE_LINK_NAME)),',','\') RULE_NAME,
		       sum(CNT) CNT
		from QM_RESULT_DETAIL_TAB A,QM_FIELD_RULE_TAB B
		where A.SCHEMA_ID = B.SCHEMA_ID
		and A.FIELD_CODE = B.FIELD_CODE 
		and A.SCHEMA_ID = #{schema_id}
	    and A.SLICE_TIME = #{slice_time}
	    <if test="stat_dimention != null and stat_dimention != ''">
	    and A.STAT_DIMENTION = #{stat_dimention}
	    </if>
	    and A.RESULT=1
		group by A.HOUR_DIMENTION,A.FIELD_CODE,FIELD_NAME
		order by A.HOUR_DIMENTION
	</select>
	
	<!-- 选中维度 字段规则统计 -->
	<select id="queryHourFieldAndRuleStat" parameterType="Map" resultType="Map">
		select substr(HOUR_DIMENTION,greatest(-2,-length(HOUR_DIMENTION)),2) HOUR_DIMENTION,
		 FIELD_NAME, 
		 RULE_LINK_NAME rule_name, 
		 sum(CNT) CNT
		from QM_RESULT_DETAIL_TAB A,QM_FIELD_RULE_TAB B
		where A.SCHEMA_ID = B.SCHEMA_ID 
		and A.FIELD_CODE = B.FIELD_CODE 
		and A.SCHEMA_ID = #{schema_id}
	    and A.SLICE_TIME = #{slice_time}
	    <if test="stat_dimention != null and stat_dimention != ''">
	    and A.STAT_DIMENTION = #{stat_dimention}
	    </if>
	    and A.RESULT=0
		group by A.HOUR_DIMENTION,FIELD_NAME,RULE_LINK_NAME
		order by A.HOUR_DIMENTION
	</select>
</mapper>