<?xml version="1.0" encoding="UTF-8"?>
<!DOCTYPE mapper PUBLIC "-//mybatis.org//DTD Mapper 3.0//EN" "http://mybatis.org/dtd/mybatis-3-mapper.dtd">
<mapper namespace="com.neusoft.cpap.qm.dao.QmConfigDao">
	<select id="queryDataSourceList"
		resultType="com.neusoft.cpap.qm.vo.DataSourceVo" parameterType="Map">
		select id,name,desc_info
		from QM_SOURCE_TAB
		<where>
			<if test="name != null">
				name like '%'||#{name}||'%'
			</if>
		</where>
	</select>

	<insert id="addDataSourceList" parameterType="com.neusoft.cpap.qm.vo.DataSourceVo">
		insert into QM_SOURCE_TAB(id,name,desc_info,code,type,partitiontimeformate,partitionfield)
		values(#{id},#{name},#{desc_info},#{code},#{type},#{partitiontimeformate},#{partitionfield})
	</insert>

	<delete id="delDataSourceList" parameterType="String">
		delete from
		QM_SOURCE_TAB
		where id = #{id}
	</delete>

	<select id="queryBasicRuleList"
		resultType="com.neusoft.cpap.qm.vo.BasicRuleVo" parameterType="Map">
		select code,name,desc_info,timestamp,group_id
		from
		QM_BASIC_RULE_FILED_TAB
		<where>
			<if test="name != null">
				and name like '%' || #{name} ||'%'
			</if>
			<if test="group_id != null">
				and group_id = #{group_id}
			</if>
		</where>
	</select>

	<insert id="addCustomRule" parameterType="Map">
		insert into
		QM_CUSTOM_RULE_TAB(ID,NAME,DESC_INFO,TIMESTAMP,GROUP_ID,BASIC_LINK)
		values(#{ID},#{NAME},#{DESC_INFO},#{TIMESTAMP},#{GROUP_ID},#{BASIC_LINK#)
	</insert>

	<delete id="delCustomRule" parameterType="String">
		delete from
		QM_CUSTOM_RULE_TAB
		where iD=#{id}
	</delete>

	<select id="checkExistCustomName" resultType="Integer"
		parameterType="Map">
		select count(1) from QM_CUSTOM_RULE_TAB
		where NAME =
		#{name}
	</select>

	<select id="queryDsourceData"
		resultType="com.neusoft.cpap.qm.vo.QmSourceTab" parameterType="Map">
		select id,name,desc_info
		from QM_SOURCE_TAB
		<where>
			<if test="name != null and name != ''">
				and name like '%' || #{name} ||'%'
			</if>
		</where>
	</select>

	<select id="querySamepleRatio"
		resultType="com.neusoft.cpap.qm.vo.QmSampleRatioTab"
		parameterType="Map">
		select id,source_id,name,ratio
		from QM_SAMPLE_RATIO_TAB
		<where>
			<if test="name != null and name != ''">
				and name like '%' || #{name} ||'%'
			</if>
		</where>
	</select>

	<delete id="delSamepleRatio" parameterType="Map">
		delete from QM_SAMPLE_RATIO_TAB
		where id in
		<foreach collection="list" item="id" open="(" separator=","
			close=")">
			#{id}
		</foreach>
	</delete>
	
	<select id="querySchemeId" resultType="String" parameterType="Map">
		select distinct SOURCE_ID from QM_SCHEME_BASIC_TAB
	</select>

</mapper>